transaction_id,first_name,last_name,email,contact_no,check_in,check_out,room_description,balance,amount_paid
"4",Ren,123,123,123,2023-02-02,2023-02-04,1,2000,2000
"5",John,Ri321,johngarcia@gmail.com,123123123,2023-02-08,2023-02-10,1,4000,4000
"6",1,1,1,1,2023-02-01,2023-02-03,1,1,1
"7",Test,User,test_user@gmail.com,12345657,2023-02-03,2023-02-16,1,200,200
"8",Ren,123,123,123,2023-02-02,2023-02-04,123123,123,123
"9",ewq,weq,ewq,321321,2023-02-04,2023-02-11,42,421,421
"10",qwe,ewq,ewq@gmail.com,924861663,2023-02-08,2023-02-17,2,2000,1000
"11",421,521521,521512,521,2023-02-02,2023-02-04,52152,521521,521521
"12",tewtew,tewt,tewte@gmail.com,92425163,2023-02-03,2023-02-10,21,2000,1000
"13",test,test,test@gmail.com,421421421,2023-02-02,2023-02-11,1,2000,1000
"14",test,test,test@gmail.com,123123,2023-02-03,2023-02-18,1,2000,2000